	SRR1568730	SRR1568603	SRR1568721	SRR1568671	SRR1568676	SRR1568385	SRR1568646	SRR1568699	SRR1568636	SRR1568511	SRR1568596	SRR1568519	SRR1568703	SRR1568543	SRR1568555	SRR1568513	SRR1568492	SRR1568625	SRR1568592	SRR1568692	SRR1568715	SRR1568464	SRR1568650	SRR1568390	SRR1568713	SRR1568536	SRR1568460	SRR1568707	SRR1568629	SRR1568742	SRR1568439	SRR1568709	SRR1568754	SRR1568615	SRR1568444	SRR1568545	SRR1568737	SRR1568483	SRR1568732	SRR1568416	SRR1568711	SRR1568588	SRR1568383	SRR1568448	SRR1568680	SRR1568498	SRR1568684	SRR1568470	SRR1568394	SRR1568725	SRR1568381	SRR1568619	SRR1568487	SRR1568746	SRR1568658	SRR1568584	SRR1568485	SRR1568728	SRR1568507	SRR1568379	SRR1568634	SRR1568462	SRR1568414	SRR1568551	SRR1568449	SRR1568363	SRR1568633	SRR1568453	SRR1568387	SRR1568425	SRR1568427	SRR1568506	SRR1568401	SRR1568528	SRR1568590	SRR1568517	SRR1568570	SRR1568458	SRR1568594	SRR1568500	SRR1568717	SRR1568660	SRR1568690	SRR1568698	SRR1568682	SRR1568504	SRR1568479	SRR1568399	SRR1568396	SRR1568572	SRR1568560	SRR1568750	SRR1568375	SRR1568627	SRR1568577	SRR1568377	SRR1568579	SRR1568419	SRR1568701	SRR1568613	SRR1568654
NM_4	664.22843401017	48.9825866048179	359.741667808962	246.03556109612202	468.784515246172	118.858970698104	617.655589424404	597.1851366534929	740.7491019064122	2.24214607278672	269.603471731597	596.385862347725	319.518122356672	344.9224301226239	95.8699899831093	144.05526320387	301.229881079819	637.322922318897	150.21112445864296	119.956426471072	234.737799995237	744.870778814806	559.586219571402	322.212859243945	373.64939564128196	40.6656479021755	356.973593666169	239.670716221553	374.83735419815696	99.84887294309412	605.714726545609	108.379627706932	355.102119939999	220.101537073889	988.1215652453528	378.27912417472	286.501332004386	737.619415714974	137.765417922829	517.519836133104	366.964005665282	115.23888502577499	118.346067766926	346.852827905456	642.4763645008139	478.429849089778	162.596806875104	423.335085998555	404.084175331097	74.6338731963205	376.32529741794997	90.177537866026	539.201075248038	194.408697187429	28.7864671342367	493.616158867989	178.42888439536998	110.195603312253	249.47638631034096	601.183853191296	452.35462822189004	268.780263052589	275.439086385012	454.65646266642	171.701114337382	246.230125205588	568.881293499348	529.963122572636	606.7898849072	814.108204573988	400.93531910939	466.270450416344	805.0130014235069	752.878266752092	310.2873124864101	255.395522986113	2.93802828931064	78.6647200542423	1111.37002780051	636.550448897393	378.86588968930397	530.575842250579	289.143369407391	209.037399508349	1130.17909390765	408.974032754191	355.83201392069503	426.82359985835	30.5517259306215	360.85795037979403	334.24161455394	280.696219728445	507.58896248639604	137.232009895911	526.034372778952	37.2261560768329	376.82046486075103	256.78561226503797	189.917069603543	535.734766765511	553.855105451803
NM_8	223.684232914384	1004.14302539877	252.979624459205	430.758745944649	574.525383346812	35.439601354939214	87.2170922165398	589.437870015826	164.77585232787902	657.6961813507701	59.727538352846004	457.81194862089205	527.016950051828	667.013115461717	352.218006677075	517.315864217946	294.445424298742	278.45495771805804	41.5584111002246	689.560841475221	770.203946169112	96.6899568653835	157.447523411685	395.346699006551	919.680682039763	169.117456355079	451.982069499801	476.212571918021	305.821692698834	371.487421695114	399.720059415493	80.55242599839521	72.3356170248147	428.481690516625	617.575978278346	41.469101848030796	236.06095665150104	699.236504942475	76.5363432904606	572.7774076145951	593.7059929056189	137.33949311291	515.065904998192	318.903943012247	225.865217102108	202.17519429277698	390.232336500249	408.543011446193	42.4088342426695	157.183460216493	554.200393904741	544.43006069862	340.290349418739	296.275985012576	8.9337311795907	90.20763137207399	590.782251088607	335.558040161371	100.04708551263	172.206116515154	177.898844734094	633.228077361185	586.883282101398	126.460737960196	842.1939658248599	505.26991010395204	523.954258012732	492.756807460516	1035.17317117502	389.74317448621	456.236742434823	504.3333443278829	778.924617118116	31.0465264640038	375.866627062794	233.432763024162	975.425392051134	64.07368326998771	34.8709219249147	323.546024344025	240.57983995270803	355.077679044618	468.425738317335	561.068498390526	866.381367012147	94.8076166839262	379.293465387994	880.491451280118	54.6227827244444	520.597736414583	448.48586156083	99.4592904549609	57.8265906630072	501.606656860917	445.44240830331705	83.7588511728741	284.693402679722	432.30131001002405	173.34712393343497	50.5245796299181	48.5128559519827
NM_18	124.35326846765699	425.876377980778	591.833066395389	633.561221225159	496.277140952338	440.541506073706	334.59648104890704	322.802776569456	329.55170465575804	53.064123722618895	352.558386110549	538.754655237033	495.4410414895221	342.47617175296	304.977721757862	453.16169841865195	476.947311709713	647.291476891142	89.125267178795	262.546140955555	84.8449879500858	183.53186256855201	280.815496301361	496.038217520284	542.304110382109	633.867718094227	389.25802720186897	37.5463263010266	566.688229742146	415.5201544836831	508.206279095303	577.048288061231	268.518578349691	647.932039611005	64.4427107768709	309.501101597498	43.378722803481	193.583376069993	694.56731536093	91.50178503386681	76.8237654136668	178.383479560447	215.107003676991	521.712518006553	252.72114230632198	174.395396603693	359.424520460756	595.9092891094471	4.80100010294372	446.67242291737296	63.7164524728804	42.3969021310421	429.03513478873396	352.2312557897689	112.16795814375	332.685744500209	571.8154011725641	729.1137662765581	443.157282623253	608.102848944137	190.187909666383	707.028759758676	202.52873998898	579.310618655756	90.14308502712572	498.865080257564	553.711125672698	584.411388590372	35.2664206612732	228.504246970342	598.556581875276	438.9920431130751	356.541252173683	575.13690274567	550.137583390778	126.12899292434601	96.9549335472513	530.352467462472	1049.50226309501	364.901531215066	187.538615396205	6.802254387827929	347.106842062485	334.459839213359	202.200288128028	521.751720574287	575.5876093310579	396.400114753143	312.923738319699	30.7932117657424	736.412240841707	299.851342334586	638.23422287319	350.769749432221	511.04051892302004	197.584982253959	517.435454505479	194.63803057323295	404.05175210955	495.6635484383351	675.137245331759
NM_25	33.3630720279081	970.1273402565332	564.755736560306	180.00684821409595	521.654949296492	221.36120230931198	681.879084602038	545.53669240238	537.377103988218	597.905619409791	294.489946045282	212.39366216075402	533.783216172322	556.931488826837	42.3773144128237	128.891551287673	245.597335474987	564.884759093913	184.759683084131	380.99368155906603	469.475599990475	255.154052839206	655.008961033029	95.3919649077468	722.1403531720531	67.7760798369591	673.36104231603	33.7916936709239	123.468385251082	441.567686555795	523.704310478133	541.165843752855	146.863222444321	72.9330537049574	356.582999632019	478.411833515087	552.826513867619	367.140885649987	793.1078573473981	543.0690358503521	707.822848325921	1000.8418233745399	224.78309726799702	161.243566691586	244.457780705026	289.372892594624	18.8269986908015	83.1173712942254	310.464673323694	297.97008465500704	422.78521067942495	296.778314917295	296.836006237569	121.95379528362699	943.9975946434172	288.664420390637	364.58500394172097	774.6833766688429	127.624166775727	397.45786713542196	74.9047767301447	256.024589551788	220.53129465466702	586.536946539196	693.672501923024	688.8750323670779	290.567060679667	726.884351336783	153.512654643189	568.787627740028	762.021083175453	68.513209040769	601.275143038545	292.613511923236	490.02321169575896	625.624905201853	8.81408486793193	579.200721044542	65.24237005306621	83.5219060336707	887.493346597195	126.5219316136	598.506554857257	56.9551175472024	1185.08115889606	525.469666326597	670.997511964739	255.915198237921	795.270684072843	789.0760514971498	272.487967523189	75.14701945485929	179.191040202652	254.35243213466305	156.18597766596	412.351267312611	542.372102915382	345.567871824758	305.906689294297	727.379723982442	380.01737162386496
NM_9	679.393466750129	108.850192455151	146.99121910473698	743.609076028536	118.429772272717	422.549093078121	439.25699170875504	1.93681665941674	649.454372913938	335.574528893745	209.875933378751	321.828201505776	189.455451373838	770.57138644416	550.905087366708	405.920903602808	410.459635255159	390.767339232024	464.152374577207	344.02597780383	230.9669116419	32.2299856217945	468.253024172415	487.02897639010695	912.226330007019	356.95402047465103	157.73251813156298	58.8225778716084	363.44027248267196	218.923305272747	504.977522557213	183.07369545089801	483.3334410294429	330.803493590342	137.477782990658	654.402655992096	708.182869954504	119.320787836246	353.02388342725	339.863772982934	665.308725718357	517.785675184305	702.633257685395	75.9636358635915	687.924853307945	458.366661869884	308.648675506776	611.4057481643019	599.324846184141	46.3634666825627	549.554402578594	230.15461156851399	338.454250411084	228.84270997339402	371.24616235188006	614.855215432056	317.519117113021	449.067796956698	541.2803857221791	648.079268849441	84.26787382141279	218.668688585157	243.03448798677502	557.631635005437	129.634341324724	183.605122263126	123.695214586525	246.832139280406	432.532276933851	798.2810705847	357.83273916456704	191.58323268807598	504.375429904234	121.857616371215	211.918340621834	426.077543261844	970.528678235616	15.2254296879179	146.232898394804	633.306879731037	358.975430480616	391.809852738889	53.2455155785172	434.434247673874	52.2239154767755	441.81588689960404	173.614740858009	235.334605372633	374.0271901809409	307.932117657424	236.207699892623	159.13486472793699	204.177838637285	379.754096349892	298.002845386651	571.278318256013	347.035023704478	487.61948712031096	332.036219004851	740.446425610869	429.338775175047
NM_21	399.598612697899	636.773625862633	708.65240368389	127.341089129622	358.10907330083506	518.508629054572	673.9502580368979	203.36574923875702	5.937868552356	426.00775382947603	347.58109124781197	518.68086399623	267.643415432883	619.718786981546	575.219939898656	142.888823825701	609.244218940715	586.151008848036	465.153782073598	351.570407141633	454.392046577126	815.597691707077	363.288008564625	306.314198425987	568.3943424967131	382.773479460159	890.1279531985872	539.415554524749	165.25768487452498	221.404022612948	120.109743216933	273.878248394544	276.19053773111096	337.315373385428	678.796553516373	625.070852245928	796.9579305755818	655.0127164437271	503.2264571347789	383.237995758728	388.59399786913	942.4330734299699	448.077564752763	574.027097422045	99.16033921555972	311.751062955275	96.98756901321993	346.55717522677	486.50134376496396	145.30988948071501	436.059471611276	544.43006069862	583.879484434312	538.031449780706	912.2332171159841	684.856337376786	553.551027179337	77.88260685226871	613.750389971713	677.292806472547	131.66855284595698	208.646373691671	439.26233384276395	56.606235086945	697.9650297814592	154.427564074025	549.6268497193702	542.667717976774	429.4205339343261	546.036122630427	173.223576004665	615.984499801728	499.406213846065	687.680561177684	255.03066779705003	25.100297099372202	6.855399341724841	144.007189131556	85.4900021385006	804.405153256324	537.042398634588	566.627790506067	322.169068943433	86.64448733244629	115.160429000069	363.119368475691	365.21659450761496	407.13781537850997	306.4430691829	664.940916566501	455.433146851789	195.23490348566398	324.828379650226	313.504160538073	26.2392442478812	559.108228769356	425.30839232445	24.585856493461105	145.305677414791	449.494536017892	167.36935303433995
NM_14	144.82606266660102	533.36594303024	276.962402313136	151.708828407513	12.6889041720768	314.049390468384	300.502526818805	626.882992097883	64.5743205068716	149.476404852448	303.61498662696704	346.434784317083	315.007278276342	66.048975980928	556.4627679454388	430.416130544357	455.915495688375	433.96440904508796	428.101704707133	519.056738440866	403.48505380707496	400.188988137282	270.59163114475797	520.416164107819	286.992553260635	319.515804945664	619.861123885441	478.715660338089	391.932976771383	259.234962051014	563.7408915504441	123.757818124807	297.01442748067797	504.019496139616	904.346041235421	83.9496452045502	502.38613851473394	655.0127164437271	101.41065485986	55.8517389167758	722.7400843285741	577.773039992243	700.400313010548	574.74373549623	107.423700816856	473.028221761345	538.566265579291	640.989897269027	449.69367630906197	96.1193821467764	387.608419210023	659.5073664828769	361.099471505497	616.225353815502	133.013330896128	298.767675104309	357.560244713557	798.7109894211391	387.361792625825	375.163325265157	369.257141536885	351.69214080779506	874.024029019107	530.532905442538	40.3497618692848	492.460250411176	126.029086559855	580.7815041891902	999.906750513746	543.068535007435	370.031582545177	628.037749540382	262.126147068457	459.488591667256	151.803968926815	601.1521155299649	13.710798683449699	583.6414713701851	1029.2546310095802	339.763870175806	786.1467211053059	34.6914973779225	230.50590288421398	462.911806447475	91.05708339540341	12.393152507702801	8.60253220467614	535.990222882918	127.761762982599	430.142676852715	111.156564655352	141.4532130915	463.326633830761	11.238828396647902	402.95982237817594	714.4558416284468	587.396606988817	344.20199090845495	620.735657026344	283.11186861592097	76.0034743247729
NM_20	752.1856239019279	404.106339489748	415.443603469704	402.46072613806604	21.853112740799	422.0038684418911	559.775155498883	484.20416485418406	402.290594422119	732.434383776994	60.5570874966355	373.63153374010597	417.253077430477	369.385013819264	118.100712298033	145.804922271124	291.731641586311	387.44448770794196	7.00985247473668	388.53811089687	556.206032117229	344.681790677524	81.10933024238348	20.1383037027466	123.928602544365	151.689321539861	269.344416926412	352.30969512463304	80.4127432148073	228.225995298501	585.050684701836	357.35985352015297	974.3388414403059	238.334800500129	819.496472045875	587.6475164318509	530.632748712349	250.323331124991	449.651016831456	5.34750691756364	441.55018567855103	445.169391469433	312.612254478672	466.531386294322	456.5507284716391	357.279064723495	454.130029026606	91.56998532414671	359.274841036955	316.628552954087	384.953567023653	537.700393693692	241.753036007917	639.1813623394789	975.761972170851	441.656563197674	675.079361826578	411.783570272102	284.749397228255	760.32075550664	302.5450747616	686.984129971703	865.922879419548	0.0	759.777430942917	461.147748939945	112.60932271320401	889.3216782896968	401.41484693861	860.60041066752	730.304090385867	512.580304675383	1069.62375652105	628.692160896077	151.196753051108	150.601782596233	471.063869052807	35.5260026051417	21.3725005346251	34.8683685383285	735.946990721473	621.04582560869	22.241797646722397	218.73188760148997	1276.13824229146	506.879937565043	745.292108277852	366.871438033383	430.5015926587569	24.0571966919863	653.0448173501931	251.963535819234	164.91286966857598	306.997470413698	564.143751329446	502.55310703724405	130.917404151989	415.910739014383	518.129454992215	557.51260281289	259.543779343108
NM_2	147.85906921459298	1054.4862394092802	420.859069436721	549.453217911149	604.837765535662	516.8729551458821	404.370154822139	204.65696034503503	613.084928030758	347.532641281941	681.059847051202	410.541407957066	118.03375343528799	22.016325326976	440.44618586443	429.249691166188	540.721205451837	384.12163618386	232.326539162701	515.284523771965	408.198664248746	77.8891319193367	29.308413448928494	490.738663914298	469.624178062858	582.874286597848	467.663080074284	459.942497187576	600.879474888599	618.938976380173	209.22342366820598	218.223844977471	19.7278955522222	111.35314449596201	1063.30472781837	147.670460239329	490.28044843004096	541.5328063337312	279.357653010181	538.315696368074	229.72543444086799	655.1251682972149	619.2699898244159	609.142363057102	333.977531385739	504.66632468502405	108.968386361912	296.545875549737	634.5321802723951	18.093060168805	4.64599132614753	329.753683241438	583.879484434312	413.208153431583	987.673613743638	603.3086386164309	204.42049353957802	89.4821440430321	92.99248332904742	311.354808877845	181.410006143319	471.95991952963095	603.985709033801	43.9601612909254	733.163758220622	95.3607999351121	476.693350552787	351.1913158144011	146.251920977633	492.619545416581	247.22989251370097	373.016360333076	761.532360914522	166.87507974402	214.34720412466305	549.068999048768	265.401888801062	607.748401709388	456.696590371464	671.418817435722	356.133936307946	566.627790506067	371.370621313455	52.713779006453294	716.404994360894	124.551182702413	515.3698838983249	645.1568459074849	853.59670630403	368.55625332123003	498.66069977331495	372.78815533489	117.080998379422	450.14465314995005	188.047917109815	259.151317304106	309.630051089624	612.597590962072	431.45589302549797	672.499577143048	280.5660169223
NM_24	48.528104767866296	1136.12388375064	141.57575313772	499.145627143891	662.642773430679	198.46176758765895	486.829951099595	183.99758264458998	469.09161563612395	292.973753510797	482.797601685505	53.0984155401884	740.530236520757	412.602245016661	526.5902348347599	397.172608266541	30.530055514846506	659.918312682653	211.29698173849098	285.933871902745	941.779366245953	53.7166427029908	579.3523588741671	377.8581721067969	389.48989371086196	538.981206322484	799.731539298627	23.7793399906502	495.13988341716	21.086097391709306	59.4091203008486	264.358416231097	312.358346243518	485.135044733868	439.284478462336	329.72993176727	233.03453413032798	721.765604743725	184.643928188236	490.188134110001	625.032188511192	561.986891358575	624.480194065727	683.6727227723238	23.4128578703405	769.346063778239	265.860042118591	558.576910477295	413.686175536984	331.89457247151597	502.430776270526	152.090474311357	19.585056081654105	616.942729081877	494.33312527068495	601.865316514478	74.4624478185403	720.8283825688701	583.607998823677	11.531659588068301	518.48150142897	449.18193113534403	413.158629577518	251.71708793981895	7.726550145182201	542.987241421571	291.150528672999	372.0631511212	736.445843220705	293.79117467615396	256.175710992815	259.462060163653	101.868929192481	614.721223987275	210.703908870419	372.11190449819395	621.8826545707531	484.041785495055	1054.0017368917802	314.626209136546	942.428900602144	538.058322077189	372.71860904962006	10.906299104783402	599.90549060501	358.781765097995	45.3588061701106	722.110367055951	33.329155560678004	242.49654265522202	345.82042337220594	348.475884334789	566.129461676107	517.5776235298371	581.01183691737	598.482047696775	44.3318193953824	199.418613780295	168.248679111863	513.956930718133	130.984711070353
NM_22	667.261440558162	953.7998113882601	553.151166630984	267.259075951059	568.885870381445	520.144302963261	502.68760422987503	457.73433717548795	359.24104741753797	78.475112547535	268.773922587807	137.926372073904	254.862690538616	501.48296578112	584.251170839094	132.39086942218	668.2689929360849	101.67925663690399	395.055257326232	689.560841475221	267.733073086938	582.82557332745	637.287594761584	328.042368210529	394.1488637313269	637.095150467415	106.07742447444299	266.57891673728903	45.588326861938	568.704450241101	413.280836875469	583.638941097463	43.8397678938271	342.524877221496	430.69211702542	34.389011288610895	210.840768975059	805.206715118722	289.88140021262	529.997352274086	293.869549252279	93.13827693864029	188.311667578819	328.22023797665	387.6893817941671	373.483946708794	346.873188000222	9.15699853241467	288.860172860447	27.7049983834826	361.72361039291496	588.84586293114	523.900250184246	57.390021309942	192.571538760066	279.282826727941	354.047865099475	496.294484090521	616.315699856652	608.102848944137	198.96581318944698	259.669067694874	189.926951722999	304.107965094758	650.747223338679	264.021319223333	487.195774432774	209.62582416828602	181.51834163890598	65.2869277058119	43.9158361701969	48.8473805198075	949.1202671104312	322.88387522564	347.327480904553	495.730867712602	77.36807828518029	634.392903663244	1041.62818395068	494.64429786931197	565.457340361286	80.94682721515241	604.572499669999	156.929526007717	1028.4094124657304	563.268781475091	291.704046576746	356.133737408015	819.341740866666	399.349465086972	700.131973211141	260.804361637453	69.24912709026789	165.033322245514	387.34122461157995	64.4298855175954	526.440355320166	68.9769862733213	172.072512728042	197.74275131019695	131.79325866955298
NM_7	24.2640523839332	65.3101154730906	765.1279773399208	275.90569311418204	630.215573879816	366.936180182678	595.454875042013	561.6768312308529	730.357831939789	395.36509083472396	241.398800842753	421.54961605686094	390.93982029522203	238.102481313963	332.766124651517	297.442041433092	375.180459993558	336.937144541898	65.5921910136075	411.171398910279	337.494507623675	59.983584351673095	401.45710514927595	115.000313249895	337.309429481656	588.03817839495	161.42216767850002	216.51714833591998	229.207976722521	262.956038061316	600.548716084666	147.191251142522	173.167083180617	255.265687967351	591.798893967598	308.48966008901	424.70796047129096	141.84988763749502	247.78641140286598	378.48465627644896	251.355426644716	1130.28824217062	179.379888879428	627.774952985907	342.929506453811	444.47676302534205	455.841574362133	490.2516137354309	164.83433686773398	465.3308912164529	513.050185016006	378.207285676915	545.321405273555	189.387070322809	446.686558979535	199.90011112051602	621.69119169253	161.564982299919	316.815770789996	55.3519660227281	390.9093035604429	728.895628617191	378.953775712713	591.354498461489	856.7885605435381	155.850859595444	148.78433829982902	705.105044929688	994.720512181206	928.854925996324	736.8101401888589	419.326214592114	970.2394353576532	235.953601126429	287.820325085242	99.7736809700047	233.083577618644	407.280244151803	1042.75305239987	512.483928284271	942.428900602144	458.471945739603	204.894135897079	232.66771423537998	927.978805779625	71.2606269192909	40.6665158766509	146.748575213353	228.67503954131803	760.207415466767	559.642426216182	470.037239335296	37.837151915301	75.1226950723307	577.263373453387	530.472724094869	552.069688408122	380.397835190495	607.989544972415	167.253780843867	198.09416180392898
NM_13	570.9634826594271	733.3781716665802	335.758889955031	221.667821818232	361.63376890419	394.19741199417	182.36301099821998	341.52533761048403	687.308284935208	538.115057468812	497.729486273717	79.6476233102826	15.7879542811532	9.785033478656	239.67497495777303	567.472757479213	400.282950083543	324.310308750387	365.0130324345031	166.731888365453	579.774084325587	151.301876946757	359.880053512424	222.581251451409	583.3030465622	376.96410118842005	771.136755309864	478.715660338089	300.123151841092	149.463219747116	286.067829274739	628.308922787483	1042.29048167574	42.3272186680556	144.996099247959	608.887788110111	169.479661185693	428.052896223735	915.566006612135	374.325484229455	686.938717922205	872.974019441832	46.1475232801849	351.869294424749	267.182025108591	352.649098441981	568.2330513951	326.130024654461	748.956016059221	377.69263102380404	276.104627382482	7.402633705420039	578.983220413898	413.208153431583	340.47442162217897	331.96408344923196	73.05749597290749	100.253142863027	103.25372286880399	414.370967864589	385.642561446604	383.581324559797	181.825802123439	331.808888647943	742.607319509178	76.14631039594771	484.278434466111	465.53267445164704	102.68751898429501	476.792411427293	701.026866272402	179.529982949422	296.910659475645	423.78508623365195	480.307757684443	360.18926337599197	715.899559828694	122.43783040700599	221.59908449058705	581.4097730693389	920.6441119450093	573.430044893895	394.28641282826	97.5507864372297	368.245557849058	235.469897646353	366.7806912721009	353.449312251674	111.09718520226002	461.898176486137	656.13249970173	39.783716181984296	12.136444953964501	529.407969210519	299.252333207979	63.7139979007333	33.9415492245897	417.959560388838	142.756455004005	476.499052716642	374.357538429467
NM_15	85.682434980764	798.6882871396698	642.119536089115	475.56394397173796	480.063541176907	136.306159057458	478.108241877941	274.38236008403703	587.848986683244	360.23813569439903	197.432696221908	514.7956140786562	78.939771405766	764.048030791722	447.393286587843	302.107798945768	270.021379886865	380.134214354962	489.688265735177	747.652947376306	667.447238540675	2.6858321351495404	560.949401592282	89.5624559411623	218.971590961848	548.66350344205	292.404726594769	132.663686263627	553.391634407414	250.552451360311	504.977522557213	377.864107410654	211.526880087716	142.610167512372	480.098195287688	227.57433940992505	119.039285832808	507.321951079982	919.392823776658	572.7774076145951	143.951327425609	91.5596620752735	629.690398307039	495.91354733589895	675.529810906	610.383888112926	1.71154533552741	288.093261519815	97.62033542652227	54.2791805064149	301.325723152997	459.63625643653603	435.767497816803	454.81591888129	296.798402521958	125.56902286992701	120.123382801607	136.708831176855	542.563040664649	496.63013959281	569.3933418627411	204.090776012814	408.65799091109596	478.74422227788597	544.292532449502	101.7656297815	352.414667972929	107.98906093517701	300.80182328733	946.660451734272	456.236742434823	45.041091128653704	1032.3546360847802	686.128234854484	199.774023107689	402.859768444925	838.317405216637	397.764350596854	164.230793581856	51.0862143701093	903.59514690899	365.961286065143	550.652990223399	535.6204671460321	806.123003000483	102.24350818854799	258.075966140284	14.3169341671564	349.956133387119	243.458830522901	423.012482160645	708.0028009423511	316.26147732977995	548.33652229961	199.293307501764	603.493261014811	18.009801629374106	660.4034230326902	592.6942105077	629.815018490187	391.3370380126609
NM_10	116.770752097678	401.3850846783689	286.246058256593	124.982920812407	358.814012421506	171.745760412398	257.686863367049	290.52249891251	421.588667217276	69.50652825638821	0.0	264.844536048013	6.766266120494231	520.237613281877	72.24984752350271	202.960451801404	587.533957241268	657.260031463388	132.686493271801	555.269999262322	908.7840931542528	288.279315839384	497.561437621344	52.9955360598594	496.646204181554	172.344888728267	373.577016627386	528.151656634441	123.468385251082	529.012972797883	89.75943175889091	24.8980225813222	417.573789188703	423.923374660065	948.381893599616	879.9541123850439	817.134080716736	120.989610043746	672.563116664923	202.01692799684898	341.60470446077096	1117.65932326368	308.14636512897596	477.280957407094	336.731985252838	300.9478082984091	158.032685980364	159.190897563517	664.938514257705	66.7181593724683	334.511375482622	628.550898260211	486.566237028593	395.27377177222604	676.9782960534279	617.0201985849859	425.70040922674895	538.54994099973	611.826407558008	652.691932684668	325.95281748977	258.757948159103	129.618393592947	267.374131687272	130.492846896411	170.79546257035	575.882909419339	77.1350435251268	1011.31647484533	724.0913800099139	349.70017691082705	550.008817021729	644.755783547531	753.6544299136922	386.796512825525	237.825315016552	341.790624323138	73.5895768249363	811.0301518665649	434.638268291723	752.048791033268	178.219064961092	618.726370899731	270.839761102122	954.760300895921	501.92267656196196	237.742708201959	776.693678568235	909.14529890516	830.454429807367	768.832905532851	592.3353298206559	124.22008364646	423.526375368415	96.8353061528949	688.6838874214088	126.76129608367201	379.031954274191	279.777159583742	535.734766765511	755.9920052517308
NM_19	361.686030848004	310.22304849718	96.70474941101128	369.446369697053	489.22774974562896	354.396013549392	719.144569458196	408.668315136931	664.299044294828	41.853393358685395	114.477781842955	387.229908451618	16.5397616278748	162.26847185437902	573.830519753973	75.8185595809843	80.73503569481629	49.8427728612276	125.175937048869	332.709333797125	330.895453005335	878.2671081939	387.82528494047205	452.0519225906	295.378699297472	36.7927290543492	731.4730226802901	324.77572250388	40.5229572106115	470.0959359681069	46.4940941484902	712.5228226948959	408.805835609937	246.80024423374002	231.993758796735	311.52398461447495	226.98168908798198	778.505559798723	337.71661476915796	8.31834409398789	73.84031821313609	202.062702510948	24.5623914233242	64.49742667663429	633.524389432742	47.07132386205879	81.0131458816307	514.200686820208	692.1441815077202	520.740887983418	200.441340070936	223.424944563587	371.504032548875	129.12754794737	589.626257852986	436.6049358408381	634.335758303225	111.85268005379	346.31683446679705	426.671404758529	402.027981356324	261.491306766417	127.818138126378	14.4526557668796	312.496028094036	322.376435601536	185.542821879787	407.454524032729	376.5209029424169	695.40469965433	191.92846918826802	626.134604844805	303.122179548358	237.50592744962898	278.712086949633	598.642085820028	935.2723387638879	549.3842545723692	699.668175396676	524.647312658106	267.10045223095904	231.27664918615002	243.311786377781	376.267319115029	226.303633732694	394.72190737033293	508.331448458136	367.76624641883	276.817153128964	15.3966058828712	176.76981462552502	624.014955669273	146.351247974277	561.941419832395	68.7218301730222	385.147537871848	252.137222811238	426.83778634481	292.52327163767103	627.201678164501	644.41243656217
NM_28	586.128515399385	149.669014625833	462.635521182278	11.004785480337699	481.4734194182489	521.234752235721	150.64770473766	303.434609975289	302.089062601112	24.66360680065389	438.83149706466	343.19707605243696	414.245848043591	587.10200871936	455.72980745594003	322.520488063725	414.530309323805	97.691834808006	464.653078325403	660.137567057788	133.866536543469	811.121304815161	379.64619281519	253.318662366128	264.629497162404	312.415453724649	530.387122372215	373.585946695215	11.3970817154845	474.4371913134591	140.77378506070698	544.095022880069	928.307085151788	56.002166237735096	346.916593015488	684.745901246753	246.149031722078	277.02448644499003	43.0516931008841	587.037426061431	2.98344720053075	194.169628194114	408.628875497121	596.242877721775	597.0278756936821	486.918120605887	430.16839432922205	366.98432579907995	131.227336147128	14.135203256878901	0.663713046592505	636.626498666124	372.116065551427	675.050125658193	909.255306722787	484.234565205293	701.0709709707851	304.902120442924	155.20124803882402	209.107427196973	440.650756857804	762.607051440736	177.32516345701802	116.82563411561001	669.634345915791	587.109402585578	358.832815899588	17.2419509056166	467.798697595124	257.190927325926	389.54973195415397	39.9660386071152	86.9612810179715	223.53499054082695	392.86867158259804	619.34983092701	363.336165111416	47.5794677747433	44.994737967631906	508.429466826326	241.527004676931	80.2666017763696	296.557301956298	553.797632320671	354.85481029091005	388.525331116482	164.23016027109	80.5327546902547	184.236165460414	174.174104049981	190.664385207444	689.584413821062	197.038753370247	30.758898769773197	315.495674885238	618.526900968916	455.786518158776	608.499948213161	270.854881145992	599.326048023857	117.239401883958
NM_5	115.254248823683	336.074969205279	719.483335617924	649.282343339927	620.346426190423	86.6907171605436	467.007884686745	122.66505509639299	170.713720880235	684.60193422421	274.58076659433397	380.754491922326	654.0723916477749	709.41492720256	590.503561490166	42.5750373031681	402.31828711786596	366.17823795381895	353.496846226007	394.57365436711194	729.6668963707381	229.19100886609402	141.08933916112102	477.489779899333	655.051184877359	223.338320224646	90.3964138999602	203.37593413056095	310.253891143745	106.670845628647	383.5762767250449	485.511440335782	469.08551646394994	591.278685393762	709.943863725194	450.091471277408	15.1321126058655	662.522416377477	567.325644640539	10.695013835127302	265.52680084723704	944.011688293337	477.850160417398	146.910805207889	553.645227286875	642.021991036605	429.02736410553706	558.576910477295	793.765350353362	544.4880294549749	647.783933474284	489.24679125821604	246.037267025779	708.0493879114099	765.322971051603	664.649827949441	436.940023991812	266.789355387559	340.544887225684	34.594978764204996	545.400405566366	493.82678838814695	15.302171465834	308.323323026764	117.61526332110701	22.7727283427133	207.13113763309602	247.73961038070095	830.835380872936	681.555957413703	554.640745705079	11.4188681734615	1049.74689228837	625.587508249677	98.3689718645763	45.18053477887	512.196265103156	84.3742561872115	889.770943309921	778.456599925475	171.43681508441003	178.219064961092	392.264431224013	410.803932946843	962.794749430809	433.760337769597	609.21568976752	636.208762053012	789.7158248127299	507.125706267071	436.13513215467987	576.127149153921	64.9656759300451	436.539755617166	210.538697893714	635.708203773608	157.239421917997	171.418054996076	323.113940567101	272.65850731317903	245.798470156712
NM_30	365.477289032993	69.3919976901587	635.93043212681	483.42450502912203	396.88072493773694	221.906426945542	709.629977580028	461.607970494322	8.16456925948951	558.294372123892	440.490595352239	121.737830750676	436.048261098517	178.576860985472	102.817090706523	156.886096363729	508.155812902667	81.74214749241321	420.59114848420097	130.518627543997	773.032112434115	660.714705246787	348.974597345381	359.839689846445	158.404980695805	446.676640449292	275.80130363355204	410.506500891224	623.673638319568	403.736747117728	339.019436499408	588.765004570089	195.08696712753	599.744129127373	786.201071477825	438.965614684034	769.720127885024	272.01801982249003	5.74022574678455	462.262264651613	671.275620119419	631.445945346714	406.39593082227293	620.608572244059	64.041052410049	54.7879343312487	172.295563776426	295.13710654475	537.7120115296971	433.668035921044	372.343019138395	588.172896230647	486.566237028593	20.0865074584797	818.9253581291472	641.55667431819	542.311412414275	449.8963353274669	49.3822152850803	76.1089532812511	474.591983813651	324.35855473465	728.203336227042	471.51789439444605	456.724964137437	675.353724913592	455.105034799478	350.283844714105	280.056869957169	365.013277627948	528.616546493111	76.7601693882689	218.64550655947102	682.247419046484	394.083103334012	72.1633541606952	131.231930255875	227.74705241510503	1066.37528983288	367.334208089833	653.543659714049	2.04067631634838	186.022307590769	355.66653191710503	368.245557849058	394.72190737033293	2.34614514672986	302.445234281179	436.0564519188701	53.8881205900493	219.997367547051	453.092323183711	557.562559355662	534.140107482792	511.665262833684	466.0428385772741	619.260102179248	327.128479454663	547.445512716252	172.480461495238	494.022583111024
NM_1	207.00269690042998	137.42336797462798	399.9708435639431	225.598102346924	97.2815986525891	504.332788512596	199.013546785013	613.970881035105	415.65079866492005	440.208012290458	717.560009377941	325.06590977042197	639.036244713344	544.7001969785168	377.92227935370596	563.973439344706	545.470325198591	364.18452703936896	451.634780872321	14.3344157418263	123.49659357179199	472.706455786319	551.407127446119	193.963661979085	484.532882128345	364.699858170304	258.2754682856	551.930996625091	466.014007922033	387.612084406421	361.620732266035	19.039664326893398	793.49979887827	367.9212084223301	125.66328601489799	869.839697300159	495.32448596533	390.504396554986	379.811603578911	43.374222775794	358.759525863823	156.28287147331199	101.22682525976	45.148198673643996	500.6219903452209	236.899941404132	245.89201320410402	378.254477838975	50.4105010809091	340.375694425643	427.43120200557297	212.657477355703	259.501993081916	35.868763318713796	501.281582854811	578.05050183225	435.53507214617895	253.532741455258	438.66799032461	172.974893821025	399.10201351530196	12.7556735008008	422.159906910362	241.47979010494598	509.952309582025	323.088083362245	533.873213899388	165.159740253801	302.876318620346	321.4886591574069	99.21725949563	244.23690259903802	356.541252173683	435.427533657653	415.335658983766	607.427189804808	367.2535361638311	391.420421560222	430.824616040075	340.574762467395	894.1234996667571	627.167854557735	544.587045410657	132.087400269044	502.153033430533	454.20903940730597	674.907753875956	228.176138289055	721.205893938004	456.12444928006	206.102796965132	37.5735097274297	541.142663241475	207.03104941193504	159.309697219279	606.356811482259	329.025222075104	570.9382230148179	434.00511543628403	52.2668065137084	410.74218039345396
NM_23	68.242647329812	1076.25627790031	757.3915973870401	712.166831799	231.22003158006697	211.001934220946	740.5524011840739	397.0474151804309	695.472854194697	395.36509083472396	86.2731109541109	451.33653209160093	390.1880129485	402.817211538005	129.216073455495	455.49457717499	299.194544045496	516.371126842318	181.254756846763	234.631752405682	588.2585831205951	333.043184758543	591.620997062091	275.576787511269	454.71547399737	430.53947858335	8.30171148060858	75.0926526020532	166.524027287357	408.69818179813	483.021978098204	202.845654559595	1078.45829018815	472.111285143697	206.21667448598703	667.551395602447	164.435623650405	301.22240845373904	943.3104310549272	281.635364325019	381.881241667936	686.6974655645512	526.230628372431	163.39348091413999	432.449257134524	190.600278588992	314.353826625201	169.052280598425	337.670340573708	500.38619529351195	139.379739784426	10.094500507391	7.34439603062027	281.92847968509	529.075413191316	363.717169692202	701.0709709707851	642.945775716601	286.03205217072497	232.939523678981	255.72958930526002	607.7167303595829	802.9139380896429	543.178979238557	70.39745687832671	69.02983278884979	487.77924242610703	567.169437684756	494.767136924333	4.94597937165242	169.15729487779498	416.154306766152	129.19961751241502	206.459400985625	376.47384293850195	328.186384574292	918.623511791128	53.9233968113758	661.422648124189	165.422027484163	945.2703947748128	504.72727557683197	199.50218495241901	604.087789303839	861.0250679888879	391.623619243408	609.21568976752	649.630887834722	601.7764198455741	949.778125399619	319.575123384137	453.829058668562	301.269398269	290.434986460743	28.1134759798727	586.311958210119	40.175711327065294	0.0	159.32640067411302	536.605880207406	350.909658052675
NM_6	520.918874617565	993.2580061532532	181.80492889270096	538.448432430811	242.499057510802	234.44659357882801	1.585765313028	220.797099173508	607.1470594784021	640.5063947927381	488.604445692032	253.188786295288	242.081965644349	69.3106538071466	496.02299165173895	420.50139582992006	229.31463920040298	526.339681414563	234.329354155483	694.087499077903	894.643261829238	469.125346272787	233.785716580988	65.7144647142256	572.121518513085	42.6021073260886	600.490463764021	28.785516830787106	329.249027336219	235.668147319104	493.353999020091	647.348587114376	72.3356170248147	82.7008733975856	503.727189239207	757.5696898579289	955.34070918364	175.22633178749405	353.02388342725	26.143367152533397	190.940620833968	533.571823817973	160.027701697415	310.30428612202996	110.86676815073	39.354713392868796	443.860757013441	47.89814616955361	340.07084062518	220.509170807311	144.025731110574	262.457013192165	268.07045511764	380.208891178366	575.729342684734	650.216606929909	193.88335469733101	797.053912679601	183.41965677315602	228.32685984375303	211.84007168994	348.0476626647091	217.830911454814	102.37297834873002	317.647061524157	363.652005722704	196.62871375310797	277.686156690456	208.486780968115	748.8212768681758	627.020549763366	306.4062959878829	747.867016754555	191.712300915223	586.570535933214	39.532967931511294	47.9877953920739	599.501293961766	1032.62923635715	151.63685852715	373.182901343964	317.66527991156397	475.839670866242	17.571259668817802	141.941924116364	394.72190737033293	685.074382845119	334.658336157281	878.593572974538	257.893148538093	456.205067439674	521.608723274906	178.477131675948	52.6450382790349	334.862736115817	673.650247467303	360.196032587482	336.689645868786	250.461101859706	10.4533613027417	740.629600866936
NM_26	244.157027113327	673.510565816247	241.37505452988398	668.147689877649	556.1969662093679	290.059506474272	367.104669965981	32.9258832100845	512.141162640705	508.219776498322	293.660396901493	388.52499175747596	433.0410317116311	208.747380877995	111.848321646961	354.014351274288	310.049674895219	340.924566370797	355.4996612187889	480.58014881807	220.59696867022305	470.9159010295529	577.307585842847	456.291565475389	46.5897002046486	417.629749090595	593.111164670147	434.285840881874	450.817898968053	596.6125203183631	24.538549689481002	533.842895934819	315.646328835555	50.14147442215821	253.474662389025	556.292829668706	81.7134080716736	104.301387968746	52.618736012191704	400.468851381988	346.079875261567	419.91155365556506	651.275530163899	70.9471693442977	438.646778335497	429.04354208696196	466.110846375298	328.243178161941	736.9535158018608	106.86213662200399	420.130358493055	45.76173563350571	143.82775559964702	410.338652366085	315.658501678871	305.262624563098	17.5618980704104	621.4037780766121	255.889661022689	11.531659588068301	232.321846577089	388.136922238654	345.649049581192	557.02944101515	59.23688444639689	384.28979078328695	158.703294186485	591.671157392737	793.494464878647	602.4202874672641	200.06103144200802	338.125374247499	24.846080290849	514.596176140863	94.7256766103327	199.547361940009	889.243228898022	338.76581055617197	363.3325090886271	3.2435691663561403	61.5657070745119	532.6165185669271	174.56441183336602	342.942516294857	739.169265209745	11.1538372569325	12.512774115892599	839.330265549544	488.827614889943	139.53174081352	695.5004496838341	166.502219576453	666.790563941342	350.178232148187	482.927042943147	335.035404691496	89.3563234688177	519.034748195289	34.4145025456084	55.75126028128899	160.90097224074302
NM_11	397.323857786906	759.2300923746782	34.8137097879641	367.87425748557604	84.5926944805122	203.368789313728	156.990765989772	475.1656871102391	357.014346710405	280.268259098339	451.2747342215029	604.803903835804	293.956672568138	782.80267829248	156.309766276809	356.93044971971	367.717557534374	417.35015142467904	481.17630201585405	82.9887227158362	882.387874680893	173.683811406337	38.8506875950912	239.009867629966	803.2064315281419	4.51840532246394	771.136755309864	440.543561932046	109.538618709934	364.6654490095609	136.89927721499902	374.93492828343904	1059.82638883327	534.625331176518	371.619632146622	714.077704992921	324.836017272579	553.21456178623	930.873275270227	64.7642504460486	299.090581853208	394.653715841696	445.1003051862989	388.41783620817597	223.110763235009	448.335068259937	129.50693038824102	39.4455321396324	27.2056672500144	361.861203376099	387.608419210023	511.454692374476	611.420969549138	367.296136383629	783.1904334107851	609.80358807522	21.0742776844925	455.696103922849	7.69592965481772	666.52992419035	408.46511060657014	380.847965952482	162.022991991184	411.90068935606797	541.717015734441	283.23580876249696	58.9302673265991	188.75398886148704	360.96218794479597	131.563051285954	64.2472418045473	594.41552658519	577.671366762239	356.258891174444	343.076969774602	11.2951336947175	359.418794059002	176.361227218382	236.222374330067	767.9150001348172	272.78344057629903	639.411912455826	372.71860904962006	522.896451523784	1234.6269248612	66.3033659162098	730.433189015229	776.693678568235	602.70222972226	371.44311692426805	32.4206646911443	174.60630990982	524.722767127288	525.858865506315	331.11427265183397	425.23724441613	29.7854411562726	212.394482485178	8.92227843775033	628.072791606396	441.4669891630429
NM_29	338.938481738066	46.261331793439204	374.44078971943605	589.542079303808	120.54458963473	339.129723734957	593.869109728985	3.87363331883347	46.7607148498035	722.718417461585	330.990108372022	256.426494559934	433.792839058352	672.7210516576	288.999390094011	512.65010670527	10.855130849723198	619.379524088855	107.150602113832	111.657554199489	520.382592760526	611.474449435712	637.287594761584	431.913618887854	793.888491487212	156.853213336962	299.784025688643	51.313312611403	388.133949532889	559.4017602153469	503.686019941978	48.33145559903711	718.9721934587642	576.9525498445739	612.205752380273	629.116618279882	786.869855505005	302.056819557489	674.476525247184	115.268482445261	355.776078663292	492.527837370437	180.86851866266	685.822636994878	19.9697905364669	450.650051400694	447.8543627963391	652.260049308922	459.295676514949	513.955990420116	15.9291131182201	222.079011162601	556.9500323220369	390.96952017398	331.540690442588	686.299659478739	404.626131542257	184.764056681446	376.459225614833	268.303279749057	143.957617778247	24.600227465830198	506.77191383909104	115.01905214475	110.747218747612	545.83383246441	326.742076266292	71.69021692335309	424.23429560178596	7.913566994643871	200.06103144200802	412.348017374998	732.9593685800452	194.816953561624	516.133494351172	528.98876136927	144.942728939325	320.368416349938	268.84355935660096	382.741161630025	342.87363016882006	199.986279002141	101.099080212374	459.8822789183689	334.768688953689	469.70048004193495	358.96020744966796	666.63224715822	455.4984593292649	575.448144872312	511.78334976735	407.414723122914	364.0933486189341	139.006561748013	13.744366034604399	185.414892767302	400.37174391454806	327.128479454663	96.23314600716421	605.4238421171231	149.581305851947
NM_12	634.656620167252	183.68469976806702	692.406005782841	427.614521521695	296.074430681793	128.673014150241	321.117475888169	207.23938255759103	267.20408485602	344.543113184892	694.332633351835	600.918653918229	355.6048749993081	23.647164240085306	182.70874902578097	312.605753349289	148.579603505586	318.32917600703996	260.866652809844	649.575365984863	440.251215252112	4.4763868919159	490.063936506502	410.71540446391	203.131092892268	365.345344644941	270.26682931314605	432.40852456682296	591.381906792362	248.69191335516004	180.810366133018	230.67285626813202	766.099943944628	619.2797685126291	360.879180350477	150.704784764795	544.756053811157	540.698395229981	531.927585868701	398.68634907613404	358.01366406368993	1163.4391543013198	525.4863134808149	283.07203930300597	621.817960497572	81.0244099264946	92.99396323032259	326.130024654461	546.51384505176	374.300182242153	258.184375124484	499.3412917656069	202.58292384460896	665.006871928953	272.975119376382	391.861950680289	32.313892449555205	406.812340047489	158.407885394998	419.75240900568804	34.526420524051105	276.980338874533	676.896055429834	492.594684054479	154.531002903644	134.501426774151	491.2800503861029	773.165377451859	59.123116990958	538.122555635783	709.972684751516	260.730823294037	136.653441599669	376.439133376046	384.974865198403	4.39255199239014	373.129592742452	345.74413249646796	530.9379080180561	131.364551237424	332.454818202364	87.0688561641975	394.28641282826	225.39684816552503	212.912886174546	606.644815252051	551.3441094815171	704.214199347005	476.792086493032	556.202387518723	485.53804977928	656.431317002742	327.68401375704104	390.99292474654	13.1196221239406	118.83734439911998	346.342339026425	168.003352705317	454.39889472257005	739.575312168974	367.8891576358689
NM_3	705.9322740450549	454.449553500255	450.257313257668	110.833910909116	599.198252570295	417.096846715823	24.5793623519339	619.781331013355	363.69444883180495	383.406978446528	22.3978268823173	211.09857885489498	745.792887947808	199.777766855893	302.198881468497	325.436586509148	635.025154708807	661.247453292286	180.25334935037202	425.5058146521061	22.6253301200229	328.566797866627	144.497294213322	155.27692065538798	565.598960484434	227.85672554711	261.042705445803	235.91608359145096	222.876264658363	119.07443232965299	346.768452190823	545.559612443677	272.902555139073	102.23651278284201	16.1106776942177	158.796316832703	525.588711177061	78.43464375249721	782.58411014496	254.303662301916	398.2902012708551	1117.65932326368	19.352187182012997	88.1464831247336	509.573965413293	487.689781652806	341.73855199363896	85.2305248017057	658.537180787114	61.0640780697168	607.2974376321421	590.864763032618	277.250950155915	71.73752663742751	512.2005876298671	526.812567212912	459.4192535219369	126.766370727629	495.104807793273	400.5329763589071	136.935294959796	181.312787618526	22.503193332108804	269.180713658132	423.243246841647	544.410536942991	140.615786393172	270.426387888092	433.569524600359	929.844121870654	130.93425228521699	456.1203453732669	363.99507626093805	655.08170839048	330.932652260457	586.719444697826	307.513627614514	301.336629240041	823.403704807664	535.999804740353	233.002522158922	282.293557094859	376.088578390033	167.835825112501	1100.71944927973	612.2217338805169	476.267464786161	884.070684821908	192.568454350584	717.866749288871	121.96345288573299	311.639110092211	376.2297935728991	167.39939138165002	112.45390391949101	312.127000951907	490.420752061418	677.476934486483	172.709818330738	506.11690974107694	679.988530926958
NM_16	690.7672413050972	790.5245227055341	232.091398586427	104.545462063209	53.57537317099111	458.53391906929	205.35660803712503	157.527754965894	362.952215262761	605.379439652413	798.0262763255258	269.377327618517	691.662758983854	387.32424186346606	677.342320532837	458.410675620412	352.11330693789597	490.452884954479	209.29416674571	55.828777099744386	673.103571070681	402.874820272431	222.88026041394403	57.765134305246704	598.2117506276879	311.12448077537397	95.00847583363159	451.181687717336	384.96809350081	69.4600855256307	286.067829274739	363.950506556386	76.71959381419741	522.903947545364	365.175361068935	756.55824834944	974.5080518177368	295.38153072749003	565.4122360582779	136.658510115515	616.827708709733	67.8804391247717	103.459769934608	33.6819894866868	488.2269479432769	207.57682162121003	523.732872671387	299.36341355971	444.8926762061181	473.2466050403049	176.54767039360596	121.806972789184	80.788356336823	60.2595223754391	958.887146609402	93.0942755759803	25.9916091442075	126.766370727629	419.428166187566	359.019001841861	124.061036459302	541.205004248264	464.46591037472604	265.56754971641203	239.52305450064802	686.028441324239	546.1260417593742	33.5764307109375	637.907314902441	124.638680165641	600.996350551398	383.16646537615196	17.3922562035943	717.950924480088	577.462297797605	389.05460504027	248.753061828301	479.6010351694129	356.58329839348295	96.4961826990953	251.945816643387	653.6966466702639	392.264431224013	241.150391316878	34.8159436511836	250.341680655596	609.21568976752	739.111726379449	116.65204446237301	57.7372720607671	251.646111650311	495.0862458202501	551.137382615328	253.760914850629	509.791031101692	297.093360997801	594.323453769346	343.519050450303	525.777122224573	230.84506210221198	694.5423877125529
NM_17	417.0384003488511	68.03137028446939	75.0428855429447	285.33836638304297	197.38295378786202	392.01651344925006	780.196534009774	462.253576047461	400.80612728403	355.006461524563	696.821280783203	513.500530772797	18.7951836680395	277.242615228587	428.636114634626	220.45704247393903	27.137827124308	402.06503441390197	322.953917586083	482.8434776194111	38.6516056217058	339.3101264072249	57.2536448769766	409.12553838211403	229.22132500687096	644.19550168843	474.119966781424	135.792546788713	128.53375490240802	132.718377700759	362.266483573653	191.128938050738	678.4204081569741	211.63609334027802	1023.56505617263	286.237946902262	744.4999402085809	126.830487769996	410.426140895095	408.78719547597603	628.015635711723	337.823580760492	358.0154628672409	609.142363057102	21.3470174700163	26.2364755952459	60.4746018553018	578.299676547111	307.264006588398	537.703131891673	463.271706521568	365.42091836755293	201.970890842057	517.227567055852	821.9032685223441	697.1245752433881	218.470011995906	801.196604533445	511.779322045378	173.74367112689603	356.382883036392	545.7606019271219	120.617116260103	122.84757401847601	286.740860943428	409.90911016884	103.273834819882	521.795882669975	161.81063597525298	273.018061315213	320.422952797362	377.457031289422	735.4439766091299	198.69776936962398	484.558268814394	192.017272810198	519.051664444881	373.657420257651	78.7407914433558	355.170823715998	668.698295301621	398.612107126717	519.649272291604	397.474011818775	1181.06393462861	540.9611069612259	748.4203018068249	136.905682973433	818.4159309899809	358.933374644435	302.59287045068	523.81892972946	709.6250755435699	338.347886467505	492.298201603105	14.3177523372434	387.9034197095961	207.613899278116	411.699419341908	110.63140712068301	360.61222924307197
NM_27	246.431782024321	366.0087721304449	71.1746955665043	259.398514893675	15.508660654760599	242.07973848604598	266.408572588703	459.02554828176596	345.8808431747371	323.616416505549	257.98978371854304	27.1967494230233	97.73495507380552	631.950078829866	691.2365219796651	101.480225900702	470.162854928636	509.060853489338	133.687900768192	600.536575289142	380.859723687052	21.4866570811963	99.5122875242688	222.581251451409	465.89700204648597	109.73270068840999	51.655093657120105	100.749308907755	229.207976722521	606.535389679168	16.789533998065902	513.338642044318	1083.93826117487	20.8380153442735	193.328132330613	378.27912417472	749.5439777438701	682.548282867476	803.631604549837	330.951261453661	284.919207650687	978.741215287406	444.355990294683	344.702913682901	367.71959125769996	454.508356635289	304.655069723879	197.93204520065498	758.558016265108	167.360806561446	129.42404408553801	471.07669034491204	60.59126725261721	355.100756855266	646.206555323727	11.546576815625501	265.535898824606	723.313997681176	231.519217115766	601.952630497168	152.150327733106	130.290093615323	362.75147651359396	134.28925983392298	388.903023974171	431.25854299013395	161.620634153148	29.0390752094595	861.952810868177	889.2870910231039	795.3645884157878	390.77904415846	284.487619330221	255.357680166431	167.59158169520398	503.888464269898	96.9549335472513	179.533191736698	670.421595717715	379.497592463669	77.66750738630729	450.309240474209	177.26038730569599	355.66653191710503	216.93011044199002	138.803308086271	718.7024632815802	649.630887834722	786.938395182674	317.554996334219	756.482176126701	363.94732951667197	697.4886305896049	298.124711153186	268.015137674787	617.811013352054	575.620967461919	474.643618415429	129.37303734738	386.77436820144203	278.948921723901
